region_name,region_code,reporting_year,poverty_line,headcount,poverty_gap,poverty_severity,watts,mean,spr,pg,estimate_type,reporting_pop,pop_in_poverty
Eastern and Southern Africa,AFE,1981,2.15,0.520421732,0.221451073,0.121232649,0.33957677,4.085327066,0.570093178,16.15102962,projection,237937461,123827826
Eastern and Southern Africa,AFE,1982,2.15,0.524178279,0.224835387,0.123868925,0.346445121,4.028695499,0.573342688,16.39679119,projection,245386717,128626387
Eastern and Southern Africa,AFE,1983,2.15,0.529285225,0.229056387,0.127260166,0.355580065,3.964914819,0.576800122,16.72639834,projection,252779730,133792576
Eastern and Southern Africa,AFE,1984,2.15,0.539275678,0.235350435,0.131499006,0.366888601,3.926849668,0.585818085,17.0731112,projection,260209149,140324465
Eastern and Southern Africa,AFE,1985,2.15,0.546945712,0.239641511,0.134208174,0.374002237,3.877052066,0.591560225,17.28011092,projection,267938123,146547607
Eastern and Southern Africa,AFE,1986,2.15,0.54034352,0.235130879,0.131350631,0.366862901,3.895628219,0.585343119,17.10568862,projection,276035920,149154221
Eastern and Southern Africa,AFE,1987,2.15,0.533193161,0.230043076,0.127628558,0.356850267,3.934223655,0.579845644,16.78168977,projection,284490394,151688333
Eastern and Southern Africa,AFE,1988,2.15,0.532840881,0.22933481,0.126815533,0.354544164,3.974020049,0.580186602,16.66680307,projection,292795186,156013245
Eastern and Southern Africa,AFE,1989,2.15,0.532838961,0.229954027,0.12729104,0.355509792,3.97721266,0.581572107,16.6828278,projection,301124880,160451068
Eastern and Southern Africa,AFE,1990,2.15,0.542399406,0.235771474,0.131215859,0.365660243,3.931666633,0.590015631,16.99087629,projection,309890664,168084512
Eastern and Southern Africa,AFE,1991,2.15,0.556711964,0.24719575,0.13921695,0.385925004,3.847879073,0.604349224,17.57746329,projection,318544083,177337302
Eastern and Southern Africa,AFE,1992,2.15,0.570036498,0.256504027,0.145739347,0.402661792,3.724148605,0.615870781,18.0813256,projection,326933522,186364040
Eastern and Southern Africa,AFE,1993,2.15,0.581228067,0.264546317,0.151688858,0.41769267,3.491393079,0.623931952,18.59549328,actual,335625136,195074749
Eastern and Southern Africa,AFE,1994,2.15,0.583155032,0.270402724,0.157285347,0.431412843,3.421670222,0.628363349,19.07082691,actual,344418362,200849301
Eastern and Southern Africa,AFE,1995,2.15,0.575283124,0.264338265,0.153055595,0.420571415,3.490962772,0.621617371,18.74704036,actual,353466601,203343371
Eastern and Southern Africa,AFE,1996,2.15,0.566130569,0.257800682,0.148685357,0.409221078,3.545528999,0.613792394,18.42659994,actual,362985802,205497359
Eastern and Southern Africa,AFE,1997,2.15,0.564546233,0.257502211,0.149062185,0.410154252,3.534950137,0.613566583,18.51214074,projection,372352230,210210049
Eastern and Southern Africa,AFE,1998,2.15,0.566141158,0.258051421,0.149524662,0.411552163,3.478844553,0.613619979,18.59841278,actual,381715600,216104912
Eastern and Southern Africa,AFE,1999,2.15,0.565821379,0.256890504,0.149127911,0.410901736,3.410450696,0.612069357,18.68861663,actual,391486231,221511279
Eastern and Southern Africa,AFE,2000,2.15,0.563471548,0.258260598,0.151602036,0.417102181,3.363551659,0.609210766,19.00945621,actual,401600588,226290505
Eastern and Southern Africa,AFE,2001,2.15,0.558923505,0.256425379,0.150690514,0.4148624,3.348124467,0.607152021,18.96639095,actual,412001885,230277537
Eastern and Southern Africa,AFE,2002,2.15,0.565582598,0.255496841,0.148339521,0.410298642,3.367292938,0.609101926,18.80430103,actual,422741118,239095020
Eastern and Southern Africa,AFE,2003,2.15,0.556020636,0.247107278,0.141994536,0.394323896,3.395684113,0.601387426,18.35053299,actual,433807484,241205913
Eastern and Southern Africa,AFE,2004,2.15,0.52267077,0.22905574,0.131480356,0.365683273,3.603913306,0.580865719,17.54116876,actual,445281555,232735653
Eastern and Southern Africa,AFE,2005,2.15,0.501800026,0.217647356,0.124581954,0.346667498,3.788435203,0.567680811,16.95123838,actual,457153837,229399807
Eastern and Southern Africa,AFE,2006,2.15,0.483076181,0.205893578,0.116335575,0.324608107,4.025001111,0.555281293,16.1375975,actual,469508516,226808381
Eastern and Southern Africa,AFE,2007,2.15,0.470368832,0.196274588,0.108925681,0.305164793,4.081810241,0.545352193,15.44521232,actual,482406426,226908947
Eastern and Southern Africa,AFE,2008,2.15,0.458174733,0.187381097,0.102283095,0.287914956,4.162859396,0.535869506,14.86046563,actual,495748900,227139620
Eastern and Southern Africa,AFE,2009,2.15,0.455573854,0.187164268,0.10267981,0.288766094,4.154113712,0.534791033,14.91506551,actual,509410477,232074094
Eastern and Southern Africa,AFE,2010,2.15,0.441823878,0.177882701,0.095984092,0.271319979,4.273283371,0.525728036,14.35374804,actual,523459657,231276976
Eastern and Southern Africa,AFE,2011,2.15,0.428884666,0.170435345,0.091079721,0.258544027,4.327999406,0.516963796,13.97032878,actual,537792950,230651150
Eastern and Southern Africa,AFE,2012,2.15,0.422341149,0.165078007,0.087197358,0.248832424,4.340529876,0.511208393,13.70067298,actual,552530654,233356431
Eastern and Southern Africa,AFE,2013,2.15,0.416667912,0.161616483,0.084880397,0.242835391,4.345158491,0.505680638,13.52617214,actual,567892149,236622436
Eastern and Southern Africa,AFE,2014,2.15,0.415170091,0.161146887,0.084555212,0.241955145,4.333647095,0.504099905,13.49291223,actual,583651101,242314481
Eastern and Southern Africa,AFE,2015,2.15,0.41717603,0.1624354,0.085407534,0.244112048,4.334537574,0.505598747,13.53839855,actual,600008424,250309132
Eastern and Southern Africa,AFE,2016,2.15,0.42219561,0.166444906,0.088110003,0.251095201,4.287087545,0.512202914,13.74300493,actual,616377605,260231919
Eastern and Southern Africa,AFE,2017,2.15,0.425709754,0.169676644,0.090374436,0.256888635,4.243820846,0.514701748,13.92122615,actual,632746570,269366387
Eastern and Southern Africa,AFE,2018,2.15,0.427680326,0.171608221,0.091834262,0.260511638,4.228020749,0.516579799,14.03167814,actual,649757148,277888349
Eastern and Southern Africa,AFE,2019,2.15,0.430570706,0.174067079,0.093674805,0.265125536,4.194864538,0.519689768,14.17530309,actual,667242986,287295283
Eastern and Southern Africa,AFE,2020,2.15,0.444836897,0.183134935,0.099856073,0.281277551,4.037298129,0.530065394,14.69985227,projection,685112979,304763532
Eastern and Southern Africa,AFE,2021,2.15,0.44201728,0.180422873,0.097933841,0.276390665,4.090529674,0.528260007,14.54952936,projection,702977106,310728028
Eastern and Southern Africa,AFE,2022,2.15,0.435644162,0.176541301,0.095309777,0.269490348,4.137958025,0.523540848,14.31654061,projection,720859132,314038073
Eastern and Southern Africa,AFE,2023,2.15,0.436562532,0.175715438,0.094288275,0.267223791,4.134744906,0.522522427,14.23302081,nowcast,739112053,322668629
Eastern and Southern Africa,AFE,2024,2.15,0.432022003,0.17325426,0.092680427,0.262971822,4.169550866,0.519263283,14.08399506,nowcast,757862662,327413345
Western and Central Africa,AFW,1981,2.15,0.486362173,0.211494058,0.120058522,0.334500808,3.370332678,0.543447824,16.48896908,projection,162323313,78947919
Western and Central Africa,AFW,1982,2.15,0.504297267,0.22067027,0.125528546,0.348969455,3.251088325,0.553714484,16.90938491,projection,167023385,84229437
Western and Central Africa,AFW,1983,2.15,0.532845898,0.236721449,0.135702858,0.375594163,3.07643704,0.570775867,17.71650905,actual,171566640,91418580
Western and Central Africa,AFW,1984,2.15,0.538492215,0.241093738,0.138964809,0.383699962,3.026542237,0.573648713,17.95341957,actual,176054495,94803975
Western and Central Africa,AFW,1985,2.15,0.526793079,0.232743552,0.132743843,0.367404444,3.086811813,0.564986578,17.4251476,actual,180817312,95253309
Western and Central Africa,AFW,1986,2.15,0.52979945,0.237070795,0.136273459,0.376376168,3.032507911,0.566169869,17.70220484,actual,185720244,98394483
Western and Central Africa,AFW,1987,2.15,0.54015761,0.243911495,0.141788797,0.3909663,2.918116023,0.572158864,18.26688373,actual,190759952,103040440
Western and Central Africa,AFW,1988,2.15,0.540715439,0.244381401,0.142315041,0.392774016,2.858637725,0.570852472,18.41123395,actual,195969722,105963854
Western and Central Africa,AFW,1989,2.15,0.549737804,0.25144115,0.14775438,0.406985175,2.827741958,0.575645761,18.88951221,actual,201392200,110712906
Western and Central Africa,AFW,1990,2.15,0.551995495,0.254774045,0.150862067,0.415025451,2.814577394,0.578712856,19.2183272,actual,206739024,114119010
Western and Central Africa,AFW,1991,2.15,0.566233106,0.263710325,0.157149245,0.43169399,2.750531984,0.58580449,19.77322741,actual,212172888,120139313
Western and Central Africa,AFW,1992,2.15,0.57187719,0.266939111,0.159124305,0.437172011,2.728447848,0.587230844,19.96701001,actual,217966101,124649841
Western and Central Africa,AFW,1993,2.15,0.582283749,0.269415143,0.158739274,0.436205073,2.706446758,0.593667133,19.72894176,actual,223788766,130308562
Western and Central Africa,AFW,1994,2.15,0.587434272,0.272494527,0.161064514,0.442232782,2.717012497,0.600653108,19.92428871,actual,229675775,134919422
Western and Central Africa,AFW,1995,2.15,0.58819445,0.27254393,0.160848016,0.441598952,2.750732946,0.603562762,19.8849513,actual,235861484,138732416
Western and Central Africa,AFW,1996,2.15,0.585889248,0.269619474,0.157886147,0.433776605,2.802445565,0.600722654,19.56302578,actual,242200260,141902528
Western and Central Africa,AFW,1997,2.15,0.577101365,0.261882892,0.151791796,0.418186722,2.823655807,0.592865689,19.06282922,actual,248713095,143532666
Western and Central Africa,AFW,1998,2.15,0.569099587,0.253529759,0.144830393,0.400767426,2.827053097,0.585222729,18.50383388,actual,255482918,145395223
Western and Central Africa,AFW,1999,2.15,0.560667614,0.245788674,0.138859119,0.385705093,2.839545483,0.579021249,18.03032411,actual,262397030,147117517
Western and Central Africa,AFW,2000,2.15,0.554271418,0.24075549,0.135121019,0.375951124,2.843311759,0.574347374,17.71323856,projection,269611898,149438169
Western and Central Africa,AFW,2001,2.15,0.537122412,0.226572578,0.124662695,0.349288586,2.899484244,0.559662877,16.89653265,actual,277160097,148868900
Western and Central Africa,AFW,2002,2.15,0.511148354,0.209211953,0.112387811,0.317529686,2.988728397,0.538720896,15.90936521,actual,284952322,145652910
Western and Central Africa,AFW,2003,2.15,0.496685017,0.198239154,0.104531859,0.297627809,3.021232296,0.528222481,15.31821027,actual,292977949,145517757
Western and Central Africa,AFW,2004,2.15,0.476828897,0.185572656,0.096171474,0.275810421,3.102891002,0.516676722,14.65743241,actual,301265247,143651975
Western and Central Africa,AFW,2005,2.15,0.465217093,0.177162539,0.090440354,0.261023455,3.164592456,0.51091952,14.21029936,actual,309824829,144135806
Western and Central Africa,AFW,2006,2.15,0.45468505,0.168776631,0.084389577,0.245622158,3.223086765,0.505025074,13.7292033,actual,318601484,144863332
Western and Central Africa,AFW,2007,2.15,0.445289402,0.161643833,0.079261935,0.232605913,3.26288989,0.499756738,13.33292948,projection,327612838,145882525
Western and Central Africa,AFW,2008,2.15,0.425096512,0.148332719,0.070470299,0.210086688,3.361323305,0.488486641,12.68697253,actual,336893835,143212394
Western and Central Africa,AFW,2009,2.15,0.414888262,0.142930734,0.067113447,0.201198844,3.411089347,0.485097402,12.41634418,actual,346475221,143748502
Western and Central Africa,AFW,2010,2.15,0.390911188,0.129093157,0.05874651,0.179229093,3.533229542,0.471442712,11.80310834,actual,356337762,139296418
Western and Central Africa,AFW,2011,2.15,0.381738458,0.12322087,0.05523196,0.169957689,3.570360669,0.464685994,11.55565511,actual,366489204,139903023
Western and Central Africa,AFW,2012,2.15,0.361454095,0.115287229,0.05129478,0.158703976,3.691671586,0.453939242,11.21242321,actual,376797999,136195180
Western and Central Africa,AFW,2013,2.15,0.347595861,0.110267411,0.049249084,0.152496793,3.792248456,0.447836716,11.02627608,actual,387204553,134590700
Western and Central Africa,AFW,2014,2.15,0.330871098,0.103533656,0.046147054,0.143398871,3.915039997,0.438987594,10.75094734,actual,397855507,131638889
Western and Central Africa,AFW,2015,2.15,0.330329532,0.103415023,0.046161702,0.143534103,3.920254852,0.438406725,10.76973812,actual,408690375,135002500
Western and Central Africa,AFW,2016,2.15,0.317595692,0.097680225,0.042930319,0.134381506,3.994140446,0.432048256,10.46183598,actual,419778384,133319806
Western and Central Africa,AFW,2017,2.15,0.299429157,0.090750677,0.039293627,0.123812238,4.114810963,0.423397198,10.0948869,actual,431138704,129095499
Western and Central Africa,AFW,2018,2.15,0.282236019,0.083734721,0.035457797,0.112989616,4.225049896,0.4152532,9.739286955,actual,442646825,124930878
Western and Central Africa,AFW,2019,2.15,0.272629994,0.079712731,0.033337375,0.106972371,4.287151576,0.410325403,9.543017635,actual,454306063,123857459
Western and Central Africa,AFW,2020,2.15,0.283096705,0.083501504,0.035075583,0.112203001,4.171133241,0.415650457,9.741521437,projection,466189102,131976599
Western and Central Africa,AFW,2021,2.15,0.279286053,0.081712668,0.034123352,0.109531945,4.182178739,0.412834138,9.656816704,projection,478185907,133550655
Western and Central Africa,AFW,2022,2.15,0.273204983,0.079330077,0.03295716,0.106178082,4.203589244,0.408914049,9.559312321,projection,490330870,133960837
Western and Central Africa,AFW,2023,2.15,0.270111121,0.078465682,0.03258898,0.105025484,4.231565292,0.407467992,9.509338861,nowcast,502789511,135809038
Western and Central Africa,AFW,2024,2.15,0.26530159,0.07660954,0.031743345,0.102481606,4.277762158,0.404543696,9.417852686,nowcast,515512883,136766388
East Asia & Pacific,EAP,1981,2.15,0.825541587,0.405526192,0.235295921,0.63265402,1.71965907,0.84031954,24.16565721,actual,1379003173,1138424468
East Asia & Pacific,EAP,1982,2.15,0.807656206,0.379135379,0.212987,0.579654166,1.800179367,0.822820057,22.61694487,actual,1402620426,1132835092
East Asia & Pacific,EAP,1983,2.15,0.783104076,0.346899383,0.187097443,0.517875183,1.898987729,0.79850098,20.91494761,actual,1426326165,1116961833
East Asia & Pacific,EAP,1984,2.15,0.740249729,0.299858944,0.152020198,0.433092807,2.043224708,0.755342035,18.72970206,actual,1448955289,1072588760
East Asia & Pacific,EAP,1985,2.15,0.703427004,0.274745063,0.136546222,0.393523185,2.127208236,0.718112551,17.79477768,actual,1472229311,1035605854
East Asia & Pacific,EAP,1986,2.15,0.675957338,0.259409177,0.128041146,0.370776787,2.19853132,0.691063504,17.26213847,actual,1496975209,1011891377
East Asia & Pacific,EAP,1987,2.15,0.63943932,0.239735315,0.117047333,0.341116367,2.30277421,0.655022517,16.53706253,actual,1523189747,973987416
East Asia & Pacific,EAP,1988,2.15,0.586624019,0.209413686,0.099114378,0.29365197,2.460196104,0.602905122,15.31048622,actual,1549748438,909119656
East Asia & Pacific,EAP,1989,2.15,0.668528501,0.259365009,0.126939979,0.367520565,2.324044658,0.686174154,16.92033685,actual,1575751898,1053435054
East Asia & Pacific,EAP,1990,2.15,0.652268338,0.248914762,0.120545928,0.351058117,2.398327081,0.670698245,16.51618453,actual,1601342750,1044505174
East Asia & Pacific,EAP,1991,2.15,0.638879469,0.240797569,0.11558126,0.338323789,2.476015691,0.657656879,16.17021164,actual,1626010964,1038825021
East Asia & Pacific,EAP,1992,2.15,0.61820374,0.229348389,0.10882881,0.320642773,2.578451217,0.638193462,15.6923414,actual,1649361409,1019641391
East Asia & Pacific,EAP,1993,2.15,0.598184959,0.218284515,0.10238072,0.303692821,2.672623254,0.618876109,15.23168074,actual,1672056413,1000198997
East Asia & Pacific,EAP,1994,2.15,0.539773245,0.185339586,0.08383009,0.25383464,2.886613434,0.561940139,13.96084714,actual,1694530897,914662442
East Asia & Pacific,EAP,1995,2.15,0.489582071,0.162003749,0.071493944,0.219470468,3.106337926,0.521264854,13.03047421,actual,1716439808,840338156
East Asia & Pacific,EAP,1996,2.15,0.4476371,0.14419929,0.062193034,0.193376207,3.349908478,0.498812635,12.27137855,actual,1737978733,777983760
East Asia & Pacific,EAP,1997,2.15,0.444393241,0.145378465,0.063507056,0.196004903,3.433512116,0.496607334,12.25714824,actual,1759347988,781842354
East Asia & Pacific,EAP,1998,2.15,0.454992213,0.153588471,0.068454195,0.208738778,3.405013954,0.508846455,12.52202848,actual,1779923043,809851124
East Asia & Pacific,EAP,1999,2.15,0.42101122,0.137958689,0.060773578,0.186668666,3.548823394,0.483378866,11.9365177,actual,1799157886,757465657
East Asia & Pacific,EAP,2000,2.15,0.39675436,0.128232255,0.056013271,0.172939493,3.740067528,0.470602306,11.47555784,actual,1817155500,720964367
East Asia & Pacific,EAP,2001,2.15,0.369904559,0.117801367,0.051013729,0.158317577,3.9665273,0.456619947,10.97677019,actual,1834250043,678497454
East Asia & Pacific,EAP,2002,2.15,0.325491247,0.10182416,0.043774271,0.136420437,4.299762089,0.434769043,10.25191169,actual,1850618618,602360162
East Asia & Pacific,EAP,2003,2.15,0.285460626,0.084195183,0.034599656,0.110870693,4.601096064,0.416185568,9.467553073,actual,1866383766,532779078
East Asia & Pacific,EAP,2004,2.15,0.249487159,0.069498325,0.027166297,0.089933158,4.927413441,0.399187867,8.787384723,actual,1881701418,469460341
East Asia & Pacific,EAP,2005,2.15,0.206945425,0.053925638,0.020070106,0.068683936,5.318280409,0.380098503,8.059985562,actual,1896924858,392559921
East Asia & Pacific,EAP,2006,2.15,0.199332868,0.052247115,0.019575337,0.066683082,5.610946827,0.376673125,7.849947568,actual,1911854867,381095513
East Asia & Pacific,EAP,2007,2.15,0.17602987,0.045875071,0.016982214,0.058266094,6.013556189,0.365903036,7.405268065,actual,1926436167,339110307
East Asia & Pacific,EAP,2008,2.15,0.162395411,0.042621233,0.015749749,0.054077383,6.331637511,0.360063597,7.145602573,actual,1940894307,315192329
East Asia & Pacific,EAP,2009,2.15,0.144638057,0.037068767,0.0132017,0.033146691,6.777552098,0.350444969,6.746676593,actual,1955164760,282791233
East Asia & Pacific,EAP,2010,2.15,0.126121453,0.030432563,0.010249684,0.027351028,7.410708136,0.340596953,6.258928756,actual,1969306090,248371746
East Asia & Pacific,EAP,2011,2.15,0.099250004,0.022323144,0.007127327,0.024842319,7.898561976,0.322529555,5.748079121,actual,1984384894,196950208
East Asia & Pacific,EAP,2012,2.15,0.082725471,0.017621076,0.005351104,0.019991612,8.513021605,0.31288283,5.347225571,actual,2001380649,165565157
East Asia & Pacific,EAP,2013,2.15,0.043187063,0.006868911,0.001855663,0.019224446,9.341469425,0.283415892,4.626343409,actual,2018184291,87159453
East Asia & Pacific,EAP,2014,2.15,0.034226711,0.005369742,0.001497451,0.017087384,9.918127263,0.274648032,4.350165563,actual,2034379893,69630132
East Asia & Pacific,EAP,2015,2.15,0.023407561,0.00398147,0.001256949,0.015285533,10.53488465,0.261919794,4.063375041,actual,2049871913,47982502
East Asia & Pacific,EAP,2016,2.15,0.016548712,0.003118991,0.00102381,0.012367307,11.14015463,0.254635378,3.821188676,actual,2065286020,34177823
East Asia & Pacific,EAP,2017,2.15,0.011886528,0.002305397,7.59E-04,0.00914002,11.74896638,0.248733994,3.614925744,actual,2081031193,24736236
East Asia & Pacific,EAP,2018,2.15,0.011504271,0.002249167,7.50E-04,0.008921254,12.35945761,0.240223614,3.437635888,actual,2094635506,24097254
East Asia & Pacific,EAP,2019,2.15,0.009782018,0.001920166,6.59E-04,0.007654672,12.98998236,0.230140013,3.251763637,actual,2106501236,20605832
East Asia & Pacific,EAP,2020,2.15,0.010514595,0.002123768,7.40E-04,0.008462424,12.5872786,0.22217901,3.279712795,actual,2116486778,22254001
East Asia & Pacific,EAP,2021,2.15,0.010823264,0.002239281,7.91E-04,0.008910573,13.74401537,0.209264982,3.044495894,actual,2123735448,22985750
East Asia & Pacific,EAP,2022,2.15,0.009526236,0.002020724,7.27E-04,0.008035816,13.91155046,0.206497695,3.001062325,actual,2129218618,20283440
East Asia & Pacific,EAP,2023,2.15,0.008903153,0.001917418,6.98E-04,0.007609373,14.40127378,0.203316555,2.916055522,nowcast,2134944933,19007742
East Asia & Pacific,EAP,2024,2.15,0.008244129,0.001776741,6.51E-04,0.007024031,14.89530512,0.200797093,2.830826868,nowcast,2140741042,17648545
Europe & Central Asia,ECA,1981,2.15,0.036262223,0.011076939,0.005819225,0.017141964,13.25615967,0.229433635,3.829042688,projection,428728263,15546640
Europe & Central Asia,ECA,1982,2.15,0.036253725,0.011105969,0.005843711,0.017195974,13.24201023,0.229426259,3.827110455,projection,432700804,15687016
Europe & Central Asia,ECA,1983,2.15,0.03516687,0.010934824,0.005811193,0.017001085,13.44440153,0.228106337,3.776860362,projection,436771796,15359897
Europe & Central Asia,ECA,1984,2.15,0.035899075,0.011516555,0.006207995,0.018060527,13.54230951,0.228335888,3.79695857,projection,441097483,15834992
Europe & Central Asia,ECA,1985,2.15,0.035718933,0.011600889,0.006276129,0.018217597,13.65729869,0.226562871,3.778487007,projection,445393675,15908987
Europe & Central Asia,ECA,1986,2.15,0.035793184,0.012043376,0.006589952,0.019031593,13.84052868,0.229168656,3.789987794,projection,449686513,16095712
Europe & Central Asia,ECA,1987,2.15,0.035639787,0.012396846,0.006858001,0.019710163,13.89613074,0.226526995,3.787241056,projection,454007150,16180718
Europe & Central Asia,ECA,1988,2.15,0.034155238,0.011766768,0.006507671,0.018673865,14.09952094,0.228921586,3.72203457,projection,458164106,15648704
Europe & Central Asia,ECA,1989,2.15,0.035342369,0.012089561,0.006649273,0.01913187,14.19541171,0.228162697,3.738072244,projection,461499162,16310474
Europe & Central Asia,ECA,1990,2.15,0.03634695,0.01232015,0.006774701,0.019534116,13.60977864,0.233410042,3.829766726,actual,464024479,16865875
Europe & Central Asia,ECA,1991,2.15,0.041905087,0.013675891,0.007373595,0.02152583,12.69794949,0.238543643,4.068578966,actual,466371005,19543317
Europe & Central Asia,ECA,1992,2.15,0.054872508,0.017516503,0.009102298,0.027105787,11.71351843,0.250441706,4.489573482,actual,467980099,25679242
Europe & Central Asia,ECA,1993,2.15,0.062814839,0.019672988,0.009981027,0.030101131,10.48965533,0.264123434,4.888374716,actual,469225830,29474345
Europe & Central Asia,ECA,1994,2.15,0.081157719,0.024715324,0.012085377,0.037149061,10.02752271,0.282865664,5.365236006,actual,470074744,38150194
Europe & Central Asia,ECA,1995,2.15,0.081198741,0.026572978,0.013397699,0.040471166,10.87513638,0.27925606,5.181911995,actual,470506050,38204499
Europe & Central Asia,ECA,1996,2.15,0.080998128,0.027279318,0.013973158,0.041703276,10.41037867,0.281805621,5.37641992,actual,471067393,38155577
Europe & Central Asia,ECA,1997,2.15,0.075483055,0.027298997,0.014409982,0.042174479,10.29646118,0.266769873,5.222003334,actual,471529841,35592513
Europe & Central Asia,ECA,1998,2.15,0.077244317,0.027343976,0.014296926,0.04200983,10.35081925,0.267616347,5.256533769,actual,471716867,36437447
Europe & Central Asia,ECA,1999,2.15,0.100306253,0.033157068,0.016237495,0.048654759,9.012698174,0.289889507,5.849132772,actual,471541889,47298600
Europe & Central Asia,ECA,2000,2.15,0.091589888,0.0328356,0.016564666,0.048286432,9.532170388,0.284141639,5.538234785,actual,471069157,43145171
Europe & Central Asia,ECA,2001,2.15,0.08311845,0.02941569,0.014531834,0.042630673,10.03328145,0.273690456,5.179984256,actual,470536127,39110234
Europe & Central Asia,ECA,2002,2.15,0.074076396,0.025947636,0.012428652,0.036818136,10.68527617,0.263604561,4.817940553,actual,470077441,34821642
Europe & Central Asia,ECA,2003,2.15,0.072563924,0.027258303,0.013935808,0.040178213,11.35269522,0.262186736,4.817793642,actual,470069206,34110066
Europe & Central Asia,ECA,2004,2.15,0.055381089,0.017628719,0.008076074,0.024680064,12.39125966,0.247492249,4.14656675,actual,470297530,26045589
Europe & Central Asia,ECA,2005,2.15,0.04731936,0.013402191,0.005760303,0.018325742,13.18851032,0.234069107,3.829916441,actual,470610837,22269003
Europe & Central Asia,ECA,2006,2.15,0.033014547,0.008980822,0.003881362,0.01245817,14.05551854,0.219026247,3.453325466,actual,471103668,15553274
Europe & Central Asia,ECA,2007,2.15,0.021673602,0.005674702,0.002429916,0.007832454,15.40572403,0.20403898,3.090178467,actual,471471844,10218493
Europe & Central Asia,ECA,2008,2.15,0.013909943,0.003895752,0.001680294,0.005350095,16.83134538,0.190617098,2.753053551,actual,472676005,6574896
Europe & Central Asia,ECA,2009,2.15,0.012129984,0.003116691,0.001304019,0.004249075,16.39813473,0.1865066,2.714811521,actual,474379426,5754215
Europe & Central Asia,ECA,2010,2.15,0.011587277,0.00315231,0.001399904,0.004473909,17.07561028,0.181670423,2.631960362,actual,476261827,5518578
Europe & Central Asia,ECA,2011,2.15,0.009083277,0.002550908,0.001145118,0.003606373,17.65967778,0.177590594,2.51143638,actual,478312207,4344642
Europe & Central Asia,ECA,2012,2.15,0.008692403,0.002629739,0.001282906,0.003955073,18.24031552,0.17665951,2.466082655,actual,480162525,4173766
Europe & Central Asia,ECA,2013,2.15,0.007007668,0.001906401,8.29E-04,0.002661128,18.78878671,0.172595451,2.334652536,actual,482231605,3379319
Europe & Central Asia,ECA,2014,2.15,0.010117201,0.003402789,0.001819133,0.005438714,18.95102379,0.17460851,2.41409548,actual,484345335,4900219
Europe & Central Asia,ECA,2015,2.15,0.008440229,0.0025058,0.001188097,0.003647484,18.42194808,0.169433106,2.361537847,actual,486509818,4106254
Europe & Central Asia,ECA,2016,2.15,0.00666144,0.002303812,0.001278821,0.003806366,18.57995121,0.169553627,2.330356087,actual,488609841,3254845
Europe & Central Asia,ECA,2017,2.15,0.007207941,0.002427697,0.00130071,0.003885062,19.17864277,0.166341209,2.258757143,actual,490534707,3535745
Europe & Central Asia,ECA,2018,2.15,0.004376469,0.001240342,5.40E-04,0.001718045,19.59199285,0.158725826,2.115735137,actual,492355344,2154778
Europe & Central Asia,ECA,2019,2.15,0.004579966,0.001198293,5.01E-04,0.0016329,20.22234074,0.15879475,2.059275678,actual,494282262,2263796
Europe & Central Asia,ECA,2020,2.15,0.005235517,0.001599389,7.67E-04,0.002344039,21.69292922,0.154852276,2.013716369,actual,495478245,2594085
Europe & Central Asia,ECA,2021,2.15,0.005349978,0.001709931,8.45E-04,0.002567368,25.65802829,0.155614962,1.809327531,actual,496390971,2655681
Europe & Central Asia,ECA,2022,2.15,0.004925111,0.001582616,7.77E-04,0.002365506,26.76696704,0.155300978,1.738735146,actual,491641908,2421391
Europe & Central Asia,ECA,2023,2.15,0.004796545,0.001510758,7.42E-04,0.002257601,27.22513933,0.154122809,1.702586013,nowcast,492199127,2360855
Europe & Central Asia,ECA,2024,2.15,0.004557884,0.001434509,7.03E-04,0.002139704,27.94488278,0.153136503,1.668084154,nowcast,492938511,2246757
Latin America & Caribbean,LAC,1981,2.15,0.15426281,0.060751734,0.034296708,0.09845181,11.39231808,0.346115534,7.568221986,actual,365416179,56370127
Latin America & Caribbean,LAC,1982,2.15,0.160957829,0.0631634,0.035550782,0.102078015,11.2884923,0.349652455,7.708577333,actual,373239378,60075800
Latin America & Caribbean,LAC,1983,2.15,0.188547234,0.075466561,0.04241656,0.121484029,10.54977068,0.362246107,8.500510295,actual,381194012,71873077
Latin America & Caribbean,LAC,1984,2.15,0.185399766,0.073214352,0.041044525,0.117945182,10.634717,0.360022392,8.404782491,actual,389186556,72155096
Latin America & Caribbean,LAC,1985,2.15,0.17096596,0.067462388,0.037954783,0.109186463,10.68191184,0.354792746,8.050930757,actual,397166929,67902025
Latin America & Caribbean,LAC,1986,2.15,0.123092148,0.047965136,0.027632203,0.079738345,12.98420572,0.333500271,6.846615831,actual,405131151,49868464
Latin America & Caribbean,LAC,1987,2.15,0.149562582,0.060328289,0.034740751,0.099505386,11.80442437,0.344947055,7.566093121,actual,413096830,61783829
Latin America & Caribbean,LAC,1988,2.15,0.156365252,0.06540966,0.038526704,0.109496631,11.57700221,0.345839996,7.814282988,actual,421110516,65847052
Latin America & Caribbean,LAC,1989,2.15,0.151071147,0.063416959,0.037485789,0.106639453,11.7744484,0.343499938,7.713680772,actual,429142880,64831107
Latin America & Caribbean,LAC,1990,2.15,0.163379082,0.067393121,0.038751932,0.110221083,10.76188836,0.348317306,8.012427142,actual,437302121,71446019
Latin America & Caribbean,LAC,1991,2.15,0.158113592,0.065399017,0.037999876,0.107914737,10.5692309,0.34369793,7.735284035,actual,445514444,70441889
Latin America & Caribbean,LAC,1992,2.15,0.156984161,0.065404309,0.038633176,0.109657577,10.28257994,0.343816231,8.049022316,actual,453637904,71213966
Latin America & Caribbean,LAC,1993,2.15,0.155864616,0.064919088,0.038216808,0.10874018,10.95775972,0.348782033,8.049527649,actual,461724664,71966538
Latin America & Caribbean,LAC,1994,2.15,0.143732382,0.059500449,0.035011192,0.099984707,11.56468469,0.343620325,7.634013735,actual,469797636,67525133
Latin America & Caribbean,LAC,1995,2.15,0.140092615,0.056758061,0.033085805,0.094967716,11.71758755,0.341887136,7.521937712,actual,477823621,66939561
Latin America & Caribbean,LAC,1996,2.15,0.152587948,0.064446473,0.03858798,0.109594605,11.56705974,0.350025695,8.074638976,actual,485741920,74118363
Latin America & Caribbean,LAC,1997,2.15,0.150759083,0.063454796,0.037738799,0.107131057,11.83656102,0.34944067,7.892365572,actual,493590213,74413208
Latin America & Caribbean,LAC,1998,2.15,0.148502718,0.062632899,0.037120586,0.105586119,12.07029622,0.346292532,7.780602291,actual,501370524,74454886
Latin America & Caribbean,LAC,1999,2.15,0.150726754,0.063697863,0.037972667,0.108125097,11.66326676,0.349079497,7.984177923,actual,509049294,76727348
Latin America & Caribbean,LAC,2000,2.15,0.138044554,0.058813939,0.03555858,0.101034437,12.26128538,0.342918516,7.637042505,actual,516600237,71313849
Latin America & Caribbean,LAC,2001,2.15,0.135226969,0.056274949,0.033058511,0.093876199,12.27762013,0.341526501,7.283193654,actual,523993100,70857998
Latin America & Caribbean,LAC,2002,2.15,0.126389882,0.04957483,0.027802863,0.07987898,12.12936729,0.339835183,6.779739801,actual,531224874,67141449
Latin America & Caribbean,LAC,2003,2.15,0.122692362,0.048634137,0.027543687,0.078934185,12.21758301,0.33434989,6.715905155,actual,538249810,66039140
Latin America & Caribbean,LAC,2004,2.15,0.113099159,0.043856379,0.024513308,0.070562067,12.46733457,0.32850137,6.351000362,actual,545156477,61656739
Latin America & Caribbean,LAC,2005,2.15,0.107394473,0.042471379,0.024074663,0.068903931,13.17050287,0.324292092,6.153333552,actual,551989221,59280591
Latin America & Caribbean,LAC,2006,2.15,0.088674871,0.034524328,0.019264622,0.055320329,14.13366536,0.312816949,5.480834498,actual,558674880,49540423
Latin America & Caribbean,LAC,2007,2.15,0.077371447,0.028585889,0.01554123,0.045163224,14.67039292,0.307580849,5.036921283,actual,565230562,43732706
Latin America & Caribbean,LAC,2008,2.15,0.0702968,0.025612343,0.013762016,0.040176415,15.17253066,0.301961972,4.77724068,actual,571652830,40185365
Latin America & Caribbean,LAC,2009,2.15,0.06697408,0.02411384,0.012795997,0.037548757,15.16931735,0.297793557,4.657479149,actual,578012032,38711824
Latin America & Caribbean,LAC,2010,2.15,0.059176543,0.021463822,0.011425771,0.033509185,15.69835643,0.290242581,4.401691608,actual,584154099,34568220
Latin America & Caribbean,LAC,2011,2.15,0.054619686,0.019895092,0.010682103,0.031220288,16.36399798,0.284759566,4.224402915,actual,590822133,32270520
Latin America & Caribbean,LAC,2012,2.15,0.051149756,0.018111177,0.00949801,0.028027046,17.00747234,0.284054517,4.055447909,actual,597484757,30561199
Latin America & Caribbean,LAC,2013,2.15,0.045694488,0.015629151,0.008063751,0.024081571,17.44717457,0.278707018,3.860115684,actual,604017566,27600273
Latin America & Caribbean,LAC,2014,2.15,0.043058765,0.014364705,0.007386953,0.022255515,17.4497863,0.274796934,3.793331411,actual,610469668,26286070
Latin America & Caribbean,LAC,2015,2.15,0.040576025,0.013162075,0.00648227,0.019718412,17.83319199,0.271644239,3.602018327,actual,616863630,25029874
Latin America & Caribbean,LAC,2016,2.15,0.042722081,0.014541272,0.007339602,0.021938643,17.99047039,0.273143345,3.659271173,actual,623198184,26624323
Latin America & Caribbean,LAC,2017,2.15,0.042828393,0.014819007,0.007499327,0.022390815,18.13817167,0.270530179,3.628145634,actual,629400315,26956204
Latin America & Caribbean,LAC,2018,2.15,0.042167647,0.014646347,0.007436368,0.022114924,18.32253428,0.268746765,3.594427449,actual,635357588,26791535
Latin America & Caribbean,LAC,2019,2.15,0.04212441,0.014844719,0.007624193,0.022610731,18.49154813,0.270478417,3.573638574,actual,641020331,27002603
Latin America & Caribbean,LAC,2020,2.15,0.038326414,0.013472658,0.0071636,0.021223567,17.33424161,0.256917975,3.614890627,actual,646169112,24765345
Latin America & Caribbean,LAC,2021,2.15,0.045273834,0.015638155,0.007888892,0.023523607,17.55355545,0.268339963,3.667314799,actual,650633048,29456653
Latin America & Caribbean,LAC,2022,2.15,0.034523168,0.011824721,0.006109263,0.018220851,18.65036541,0.258091912,3.357298109,actual,655002821,22612773
Latin America & Caribbean,LAC,2023,2.15,0.033662452,0.011604627,0.005983934,0.017859321,18.89256023,0.257148764,3.278142843,nowcast,659727136,22208033
Latin America & Caribbean,LAC,2024,2.15,0.033205008,0.011482738,0.005929857,0.017677041,19.10176263,0.256634644,3.246568734,nowcast,664678352,22070650
Middle East & North Africa,MNA,1981,2.15,0.092057798,0.017090518,0.004647351,0.020159433,7.180295464,0.303207995,5.867850624,projection,175805399,16184258
Middle East & North Africa,MNA,1982,2.15,0.086752694,0.015714075,0.004201124,0.018480546,7.201839783,0.300512885,5.784148018,projection,181843679,15775429
Middle East & North Africa,MNA,1983,2.15,0.079969193,0.013989507,0.003684595,0.016420133,7.357852993,0.297942317,5.681816948,projection,187590862,15001490
Middle East & North Africa,MNA,1984,2.15,0.074396768,0.012636388,0.003278018,0.014797809,7.526172702,0.295090966,5.584441987,projection,193598088,14403072
Middle East & North Africa,MNA,1985,2.15,0.071136914,0.011896058,0.003054446,0.013909253,7.619946299,0.293256391,5.51734502,actual,199650711,14202536
Middle East & North Africa,MNA,1986,2.15,0.072500543,0.012286486,0.003180647,0.014382209,7.463249833,0.294371435,5.557375862,actual,205808385,14921220
Middle East & North Africa,MNA,1987,2.15,0.076187677,0.013499634,0.00364894,0.01592628,7.26731112,0.296469002,5.649691319,actual,211990512,16151065
Middle East & North Africa,MNA,1988,2.15,0.071706608,0.012500367,0.003342322,0.014719423,7.186378875,0.294197224,5.585757462,actual,218048996,15635554
Middle East & North Africa,MNA,1989,2.15,0.070703447,0.012316947,0.003332745,0.014541495,6.992253655,0.295228927,5.619909527,actual,224156488,15848636
Middle East & North Africa,MNA,1990,2.15,0.064212263,0.010532766,0.002707155,0.012332779,7.334704068,0.287989199,5.399346011,actual,230650883,14810615
Middle East & North Africa,MNA,1991,2.15,0.061850384,0.009477977,0.002361476,0.011056814,7.328148587,0.292740028,5.473973443,actual,237138903,14667132
Middle East & North Africa,MNA,1992,2.15,0.054421548,0.007959671,0.001955327,0.009277236,7.525561072,0.286329671,5.327714867,actual,243117656,13230839
Middle East & North Africa,MNA,1993,2.15,0.051630234,0.007443822,0.001863125,0.008720416,7.594696025,0.283008496,5.269357538,actual,248482132,12829191
Middle East & North Africa,MNA,1994,2.15,0.047400638,0.006692757,0.001673064,0.007845605,7.629892597,0.280344928,5.228290297,actual,253698220,12025458
Middle East & North Africa,MNA,1995,2.15,0.047325189,0.006971661,0.001824527,0.0082421,7.614075827,0.279974681,5.246717688,actual,259126391,12263205
Middle East & North Africa,MNA,1996,2.15,0.039527331,0.005860105,0.001558926,0.006955705,7.872982055,0.273585829,5.091392773,actual,264445976,10452844
Middle East & North Africa,MNA,1997,2.15,0.036306229,0.005862349,0.001610263,0.007004046,8.017767019,0.269655407,4.987545268,actual,269812259,9795866
Middle East & North Africa,MNA,1998,2.15,0.032720174,0.005402621,0.001485171,0.006457628,8.370511975,0.262382816,4.790999019,actual,275218600,9005200
Middle East & North Africa,MNA,1999,2.15,0.032446398,0.005503016,0.001567742,0.006631048,8.505653256,0.259793485,4.716466486,actual,280669461,9106713
Middle East & North Africa,MNA,2000,2.15,0.029648024,0.00506944,0.001505335,0.006170013,8.82369038,0.255408958,4.590662577,actual,286243363,8486550
Middle East & North Africa,MNA,2001,2.15,0.029828835,0.005159335,0.001546244,0.006289921,8.887497777,0.254960576,4.589323336,actual,291918738,8707596
Middle East & North Africa,MNA,2002,2.15,0.028022646,0.004986725,0.0015143,0.006087833,9.103397574,0.252764195,4.541029005,projection,297217652,8328825
Middle East & North Africa,MNA,2003,2.15,0.028481414,0.005002073,0.001484312,0.006073472,9.24266855,0.253202059,4.571506918,actual,302534495,8616610
Middle East & North Africa,MNA,2004,2.15,0.026818325,0.004701572,0.001397984,0.005713193,9.841477117,0.244430267,4.380185269,actual,308414635,8271164
Middle East & North Africa,MNA,2005,2.15,0.026508588,0.004590715,0.001361062,0.005576363,9.972155397,0.24161412,4.345073296,actual,314463765,8335990
Middle East & North Africa,MNA,2006,2.15,0.025604281,0.004415501,0.001311744,0.005366592,10.16156068,0.241103684,4.303034502,actual,320543715,8207291
Middle East & North Africa,MNA,2007,2.15,0.025409748,0.00453799,0.001398317,0.005569069,10.3034437,0.239815394,4.270130664,actual,326686092,8301011
Middle East & North Africa,MNA,2008,2.15,0.024586475,0.004609773,0.00147959,0.005722476,10.34280196,0.236126095,4.223168606,actual,332944332,8185927
Middle East & North Africa,MNA,2009,2.15,0.022007599,0.004368848,0.001487187,0.005520745,10.45616613,0.229281763,4.102240325,actual,339372574,7468776
Middle East & North Africa,MNA,2010,2.15,0.018714016,0.003762852,0.001289032,0.004766794,10.38744281,0.220701014,3.998577573,actual,346195244,6478703
Middle East & North Africa,MNA,2011,2.15,0.020189243,0.004367598,0.001509849,0.00552927,10.18450834,0.21236727,3.961160148,actual,352977032,7126339
Middle East & North Africa,MNA,2012,2.15,0.022284885,0.004531074,0.001512868,0.005686332,10.09846801,0.206986994,3.959908973,actual,359775301,8017551
Middle East & North Africa,MNA,2013,2.15,0.025235299,0.005210945,0.001677278,0.006440646,9.9928408,0.205691636,4.002000868,actual,367126905,9264557
Middle East & North Africa,MNA,2014,2.15,0.027700493,0.006053064,0.002031358,0.007551413,9.94307736,0.210583504,4.055119205,actual,374765623,10381192
Middle East & North Africa,MNA,2015,2.15,0.036718618,0.009242241,0.003478314,0.011910361,10.02645695,0.214411913,4.162679621,actual,382329115,14038597
Middle East & North Africa,MNA,2016,2.15,0.04447181,0.01160449,0.004524604,0.015120402,10.03723654,0.221324833,4.30353435,actual,389452608,17319662
Middle East & North Africa,MNA,2017,2.15,0.046545904,0.012551197,0.004997311,0.016485128,10.10836843,0.225324002,4.35960282,actual,396149276,18439126
Middle East & North Africa,MNA,2018,2.15,0.047009697,0.012709898,0.005103637,0.016754831,10.0577905,0.225471694,4.380972529,actual,402976501,18943803
Middle East & North Africa,MNA,2019,2.15,0.045557439,0.012703042,0.005190432,0.016864346,9.853912051,0.225323773,4.380412998,actual,409862171,18672271
Middle East & North Africa,MNA,2020,2.15,0.05313345,0.015561705,0.006563916,0.02089706,9.346429823,0.231673156,4.620555135,projection,416353523,22122299
Middle East & North Africa,MNA,2021,2.15,0.059092731,0.017617509,0.007480417,0.023703775,9.516661403,0.233689432,4.671157737,projection,422567672,24970678
Middle East & North Africa,MNA,2022,2.15,0.060913611,0.018099896,0.007674093,0.024336286,9.772330255,0.230928443,4.614642783,projection,428904679,26126133
Middle East & North Africa,MNA,2023,2.15,0.06383049,0.019225914,0.008210154,0.025916756,9.803099847,0.231324067,4.646421236,nowcast,435494973,27797857
Middle East & North Africa,MNA,2024,2.15,0.067327853,0.020581798,0.0088702,0.027839435,9.839637796,0.232624269,4.690127424,nowcast,442152463,29769176
Other High Income Countries,OHI,1981,2.15,0.006045483,0.002922509,0.001993911,0.005604133,35.64086273,0.155704958,1.445811269,actual,846950093,5120222
Other High Income Countries,OHI,1982,2.15,0.006120383,0.003076647,0.002202459,0.00608885,36.26461715,0.157230386,1.442336762,actual,853350156,5222830
Other High Income Countries,OHI,1983,2.15,0.005360377,0.002982227,0.002163993,0.005902354,36.89825819,0.159517102,1.413448085,actual,859262240,4605970
Other High Income Countries,OHI,1984,2.15,0.005109952,0.002690667,0.001913342,0.005320924,37.90143289,0.158828264,1.377966128,actual,864798055,4419076
Other High Income Countries,OHI,1985,2.15,0.005102461,0.002642855,0.001876015,0.005182505,38.62879405,0.158613957,1.3448191,actual,870394467,4441154
Other High Income Countries,OHI,1986,2.15,0.004992814,0.002882439,0.002092324,0.005709029,39.67428825,0.157102223,1.320295671,actual,876191481,4374661
Other High Income Countries,OHI,1987,2.15,0.004685334,0.002839001,0.002074973,0.005785959,41.31932919,0.158115887,1.28056585,actual,882152454,4133179
Other High Income Countries,OHI,1988,2.15,0.004365969,0.002417779,0.001767467,0.004978112,42.50545331,0.156086034,1.202924419,actual,888378680,3878634
Other High Income Countries,OHI,1989,2.15,0.004368491,0.002343806,0.001731055,0.004867247,43.683561,0.154637503,1.165495247,actual,895268740,3910974
Other High Income Countries,OHI,1990,2.15,0.004260848,0.002390474,0.001756121,0.004946401,44.05269122,0.154893503,1.15410935,actual,902132842,3843851
Other High Income Countries,OHI,1991,2.15,0.00449235,0.002661665,0.001959568,0.00545792,44.35034211,0.157840551,1.156638564,actual,910304081,4089404
Other High Income Countries,OHI,1992,2.15,0.004991063,0.002862284,0.002097742,0.005807889,44.67968749,0.159929957,1.162491845,actual,918777453,4585677
Other High Income Countries,OHI,1993,2.15,0.00561037,0.003342388,0.00250806,0.006848486,45.02626391,0.164015535,1.216431652,actual,926540298,5198234
Other High Income Countries,OHI,1994,2.15,0.005233721,0.003326371,0.002511767,0.006743553,45.80286655,0.163250848,1.180391203,actual,933692901,4886688
Other High Income Countries,OHI,1995,2.15,0.005165038,0.003184268,0.002385251,0.00639891,46.56391429,0.161221887,1.151298751,actual,940634791,4858414
Other High Income Countries,OHI,1996,2.15,0.005601147,0.003143251,0.002450385,0.006638886,47.37489485,0.161173774,1.148526319,actual,947752817,5308503
Other High Income Countries,OHI,1997,2.15,0.005494765,0.003341907,0.002557585,0.007110776,48.37472519,0.15939766,1.158943707,actual,954702349,5245865
Other High Income Countries,OHI,1998,2.15,0.00552823,0.003717515,0.002850229,0.007801069,49.51673425,0.159600365,1.169937008,actual,961449657,5315115
Other High Income Countries,OHI,1999,2.15,0.005204084,0.003293647,0.002554141,0.007049694,50.84713665,0.157478938,1.116327832,actual,968112203,5038137
Other High Income Countries,OHI,2000,2.15,0.004894825,0.003263875,0.002524261,0.006953109,52.08282949,0.155223424,1.092921851,actual,975095226,4772920
Other High Income Countries,OHI,2001,2.15,0.005034583,0.003599202,0.002842738,0.007649351,52.50027925,0.155963839,1.101606222,actual,982173442,4944834
Other High Income Countries,OHI,2002,2.15,0.005167116,0.003574341,0.002787622,0.007554145,52.93979351,0.156970481,1.090479506,actual,989238800,5111511
Other High Income Countries,OHI,2003,2.15,0.005676806,0.003683202,0.002850635,0.007802599,53.59088329,0.155233398,1.100417179,actual,996081706,5654562
Other High Income Countries,OHI,2004,2.15,0.005406382,0.003693878,0.002915396,0.008006424,54.27091083,0.154595205,1.103672351,actual,1003104483,5423166
Other High Income Countries,OHI,2005,2.15,0.005374484,0.003665344,0.002915634,0.008010735,55.11147754,0.155755366,1.09535594,actual,1010469192,5430750
Other High Income Countries,OHI,2006,2.15,0.005120424,0.003595927,0.00285161,0.007841443,56.0844627,0.1555195,1.080716113,actual,1018930352,5217356
Other High Income Countries,OHI,2007,2.15,0.004976293,0.003400975,0.002693694,0.007443022,57.51158434,0.156120145,1.041695113,actual,1028269040,5116968
Other High Income Countries,OHI,2008,2.15,0.005079193,0.003620051,0.002869609,0.007823278,57.03555097,0.157971721,1.065778993,actual,1037921677,5271804
Other High Income Countries,OHI,2009,2.15,0.00520898,0.003364028,0.002664696,0.007251769,57.43477926,0.152971076,1.018073364,actual,1046437230,5450871
Other High Income Countries,OHI,2010,2.15,0.005164568,0.003759303,0.003020128,0.008261601,57.17786781,0.14696483,1.066347149,actual,1053724702,5442033
Other High Income Countries,OHI,2011,2.15,0.005552951,0.003828334,0.003024984,0.008380713,57.20443613,0.149042345,1.079270531,actual,1058367948,5877066
Other High Income Countries,OHI,2012,2.15,0.005821149,0.003892998,0.003023659,0.008376232,56.96965623,0.151183424,1.086990696,actual,1064547643,6196891
Other High Income Countries,OHI,2013,2.15,0.00638183,0.004088533,0.003132674,0.008710959,56.94881177,0.152146511,1.099556447,actual,1070962118,6834698
Other High Income Countries,OHI,2014,2.15,0.006789597,0.004405346,0.003390961,0.009342456,57.44834433,0.149126534,1.116460045,actual,1077542864,7316082
Other High Income Countries,OHI,2015,2.15,0.007372639,0.004446314,0.003436429,0.009471916,58.88282093,0.151942413,1.111542656,actual,1084031709,7992174
Other High Income Countries,OHI,2016,2.15,0.006344587,0.004290443,0.003373701,0.009309681,60.54577639,0.153123437,1.092914422,actual,1090640159,6919661
Other High Income Countries,OHI,2017,2.15,0.006973014,0.004526798,0.003521756,0.009752281,61.28918833,0.153455116,1.093737471,actual,1096509677,7645977
Other High Income Countries,OHI,2018,2.15,0.006198265,0.003997782,0.003118839,0.008687417,63.15133615,0.151344723,1.041980661,actual,1102108122,6831158
Other High Income Countries,OHI,2019,2.15,0.006024741,0.003740528,0.002873311,0.00798301,65.23223698,0.151644936,0.981193644,actual,1106961020,6669153
Other High Income Countries,OHI,2020,2.15,0.003654233,0.002197989,0.001635415,0.004562026,66.04683452,0.145857019,0.828397923,actual,1111884247,4063084
Other High Income Countries,OHI,2021,2.15,0.003228163,0.002015677,0.001536295,0.004274973,66.73111271,0.141223234,0.799369393,actual,1111903937,3589407
Other High Income Countries,OHI,2022,2.15,0.006388821,0.004368375,0.003440902,0.009484651,66.33613538,0.148995227,1.013309674,actual,1115640773,7127629
Other High Income Countries,OHI,2023,2.15,0.006390803,0.004344049,0.003421332,0.009410599,67.0628008,0.148907137,0.97819366,nowcast,1118355046,7147187
Other High Income Countries,OHI,2024,2.15,0.006388305,0.00431951,0.003397853,0.00932358,67.94128312,0.148893773,0.982599703,nowcast,1121717763,7165875
South Asia,SAS,1981,2.15,0.598382307,0.201218493,0.089108599,0.272508438,2.315232037,0.609381414,14.77050425,actual,926216545,554231593
South Asia,SAS,1982,2.15,0.586016927,0.193933004,0.084871106,0.261390246,2.349708138,0.597144533,14.50376304,actual,948043890,555569768
South Asia,SAS,1983,2.15,0.560204839,0.180048903,0.077137448,0.240666636,2.425041255,0.571852581,14.00487521,actual,970938323,543924347
South Asia,SAS,1984,2.15,0.548983897,0.172885681,0.0727152,0.229403235,2.474081261,0.561768893,13.71854701,actual,994345688,545879770
South Asia,SAS,1985,2.15,0.536373645,0.165047199,0.06801041,0.217308727,2.530603676,0.554620423,13.4180254,actual,1018142776,546104952
South Asia,SAS,1986,2.15,0.525956759,0.158629998,0.064167643,0.207426139,2.577721019,0.548821215,13.17475265,actual,1042169001,548135830
South Asia,SAS,1987,2.15,0.521454265,0.154799183,0.061599326,0.201171424,2.603865413,0.545718404,13.02991584,actual,1066371857,556064153
South Asia,SAS,1988,2.15,0.508563066,0.147832993,0.057914472,0.19118647,2.64960541,0.538536573,12.78782768,actual,1091004504,554844595
South Asia,SAS,1989,2.15,0.504562046,0.145597234,0.056939519,0.188389377,2.659841009,0.536061656,12.72920376,actual,1116147699,563165767
South Asia,SAS,1990,2.15,0.500253788,0.143558857,0.056239567,0.186139748,2.672065591,0.533634872,12.6838207,actual,1141312704,570946003
South Asia,SAS,1991,2.15,0.485352237,0.135570913,0.051869008,0.174446304,2.710217296,0.521034855,12.40887081,actual,1166480561,566153950
South Asia,SAS,1992,2.15,0.467990151,0.126886777,0.047585315,0.162376752,2.771137681,0.51231587,12.11189782,actual,1192390433,558026979
South Asia,SAS,1993,2.15,0.461998297,0.123433571,0.045938399,0.157761655,2.794386926,0.509327552,12.00828013,actual,1219180082,563259122
South Asia,SAS,1994,2.15,0.445825853,0.117180409,0.043160733,0.149382062,2.857652976,0.502118136,11.78213918,actual,1246157499,555569231
South Asia,SAS,1995,2.15,0.437579546,0.114995037,0.042513921,0.146813278,2.89819757,0.497714628,11.69675893,actual,1272877742,556985265
South Asia,SAS,1996,2.15,0.422365168,0.108705449,0.0395014,0.138028619,2.961947037,0.49067857,11.45957236,actual,1299407301,548824383
South Asia,SAS,1997,2.15,0.418131071,0.106771948,0.038468094,0.135189782,2.994161461,0.4882721,11.3750812,projection,1326007987,554445140
South Asia,SAS,1998,2.15,0.417666797,0.106463431,0.038238212,0.134651569,3.022060596,0.487282523,11.34129945,projection,1352849350,565040255
South Asia,SAS,1999,2.15,0.411363319,0.10358662,0.036838708,0.130621455,3.061983563,0.484077538,11.22517652,projection,1379874856,567629901
South Asia,SAS,2000,2.15,0.408790508,0.102109005,0.036049682,0.128469216,3.077833772,0.482750842,11.17092579,projection,1406945493,575145963
South Asia,SAS,2001,2.15,0.406920962,0.100987931,0.035446786,0.126831982,3.084361324,0.481935874,11.13460711,projection,1434314654,583652699
South Asia,SAS,2002,2.15,0.403708523,0.099837656,0.034927221,0.125263222,3.104628539,0.480906852,11.08619866,actual,1462070145,590250179
South Asia,SAS,2003,2.15,0.3893455,0.095159147,0.033012452,0.119123604,3.176979857,0.473777008,10.89167801,actual,1489358080,579874866
South Asia,SAS,2004,2.15,0.371706486,0.08949896,0.03071022,0.111711191,3.265902155,0.464705047,10.65353459,actual,1515703001,563396636
South Asia,SAS,2005,2.15,0.355157292,0.083998182,0.02844682,0.104472558,3.347321348,0.456410405,10.43483212,actual,1541263909,547391117
South Asia,SAS,2006,2.15,0.338080815,0.078313075,0.026196543,0.097078609,3.426098255,0.447968132,10.21114236,actual,1565892885,529398343
South Asia,SAS,2007,2.15,0.320967066,0.073013365,0.02418117,0.090275167,3.501075527,0.439709426,9.996716843,actual,1589454615,510162584
South Asia,SAS,2008,2.15,0.309440413,0.070018657,0.023146658,0.086523415,3.553081561,0.434254496,9.861906346,actual,1612709085,499037365
South Asia,SAS,2009,2.15,0.295319404,0.065909639,0.021650495,0.081304183,3.622509657,0.426821538,9.683475213,actual,1636411632,483264108
South Asia,SAS,2010,2.15,0.254006719,0.054322127,0.017230867,0.066427916,3.807455449,0.408048938,9.193552951,actual,1660546144,421789878
South Asia,SAS,2011,2.15,0.215589809,0.044021016,0.013432562,0.053351972,4.047674108,0.388881868,8.671151469,actual,1684898004,363246838
South Asia,SAS,2012,2.15,0.19845343,0.039541794,0.011902108,0.04781161,4.174045314,0.379636078,8.429413057,actual,1708706729,339098711
South Asia,SAS,2013,2.15,0.189134941,0.037311306,0.011324922,0.045257,4.250735615,0.372791935,8.302182591,actual,1731683901,327521932
South Asia,SAS,2014,2.15,0.178166423,0.035053564,0.0107249,0.042646271,4.309215649,0.366147434,8.189330523,actual,1754030304,312509305
South Asia,SAS,2015,2.15,0.165568319,0.032437249,0.010013705,0.039587747,4.37961122,0.358163036,8.052222655,actual,1775545180,293974030
South Asia,SAS,2016,2.15,0.157430978,0.030924822,0.009644261,0.037848968,4.449754773,0.3524524,7.942890697,actual,1797072648,282914905
South Asia,SAS,2017,2.15,0.125735088,0.023486647,0.007198664,0.028720367,4.753430884,0.334896612,7.482024099,actual,1818931519,228703515
South Asia,SAS,2018,2.15,0.100770287,0.018857301,0.005823002,0.023055685,5.038432394,0.316643773,7.006673014,actual,1840534093,185471148
South Asia,SAS,2019,2.15,0.105966554,0.021305054,0.006677401,0.02600961,5.130981566,0.320764822,6.881782208,actual,1861598514,197267180
South Asia,SAS,2020,2.15,0.129913413,0.027707129,0.009079323,0.034181962,4.910118216,0.332337901,7.22193923,actual,1882531620,244566108
South Asia,SAS,2021,2.15,0.114479308,0.023488312,0.007425858,0.028729479,5.033220798,0.320533522,6.969399567,actual,1901911604,217729524
South Asia,SAS,2022,2.15,0.097020678,0.018975661,0.005788704,0.023020377,5.259783268,0.309593423,6.639445007,actual,1919348000,186216444
South Asia,SAS,2023,2.15,0.086738185,0.01635868,0.004890959,0.019754776,5.431251182,0.303572951,6.427781269,nowcast,1938753832,168163989
South Asia,SAS,2024,2.15,0.07586128,0.013850156,0.004066218,0.016656303,5.624119296,0.295164678,6.205819903,nowcast,1959850736,148676785
Sub-Saharan Africa,SSA,1981,2.15,0.506609086,0.217413067,0.120756489,0.337518245,3.795365457,0.559287318,16.2880789,projection,400260774,202775745
Sub-Saharan Africa,SSA,1982,2.15,0.5161266,0.223148542,0.124541061,0.347467459,3.713769697,0.565393394,16.60438828,projection,412410102,212855824
Sub-Saharan Africa,SSA,1983,2.15,0.530724834,0.232155433,0.130673614,0.363671926,3.605696128,0.574364468,17.12670804,projection,424346370,225211157
Sub-Saharan Africa,SSA,1984,2.15,0.538959511,0.237668149,0.134511836,0.373672838,3.563529982,0.580907126,17.42836025,projection,436263644,235128440
Sub-Saharan Africa,SSA,1985,2.15,0.538825599,0.236862112,0.13361815,0.371343784,3.55864006,0.580852889,17.33855064,projection,448755435,241800916
Sub-Saharan Africa,SSA,1986,2.15,0.536102652,0.235911121,0.133330613,0.370689177,3.548477651,0.577631558,17.34560992,projection,461756164,247548704
Sub-Saharan Africa,SSA,1987,2.15,0.53598861,0.235609698,0.133312313,0.370544045,3.526369889,0.57676026,17.37782932,projection,475250346,254728772
Sub-Saharan Africa,SSA,1988,2.15,0.535998176,0.235367723,0.133030043,0.369872379,3.526808802,0.576444094,17.3662306,projection,488764908,261977099
Sub-Saharan Africa,SSA,1989,2.15,0.539611458,0.238565354,0.135492069,0.37613942,3.516542878,0.579197024,17.56719381,projection,502517080,271163974
Sub-Saharan Africa,SSA,1990,2.15,0.54623946,0.243375708,0.139077656,0.385414653,3.484642499,0.585492615,17.8822324,actual,516629688,282203522
Sub-Saharan Africa,SSA,1991,2.15,0.560518378,0.253798036,0.146386019,0.404222776,3.409175746,0.59693531,18.45529769,actual,530716971,297476616
Sub-Saharan Africa,SSA,1992,2.15,0.570772796,0.260678181,0.151093484,0.416466275,3.325856878,0.604414478,18.835621,actual,544899623,311013881
Sub-Saharan Africa,SSA,1993,2.15,0.581650384,0.266494049,0.154509317,0.425098399,3.17738199,0.611824769,19.04891969,actual,559413902,325383311
Sub-Saharan Africa,SSA,1994,2.15,0.584867012,0.271239584,0.158797264,0.435741537,3.139760343,0.617277412,19.4122683,actual,574094137,335768723
Sub-Saharan Africa,SSA,1995,2.15,0.580450508,0.267622345,0.156174286,0.428987077,3.194707241,0.614391537,19.20245623,actual,589328085,342075786
Sub-Saharan Africa,SSA,1996,2.15,0.574038149,0.262530656,0.152367586,0.419048395,3.248141117,0.608561781,18.88140657,actual,605186062,347399887
Sub-Saharan Africa,SSA,1997,2.15,0.569574087,0.259256508,0.150155291,0.413370951,3.25010375,0.605276661,18.73267058,actual,621065325,353742715
Sub-Saharan Africa,SSA,1998,2.15,0.567327332,0.256238473,0.147642509,0.407228054,3.217510639,0.602234183,18.56049164,actual,637198518,361500135
Sub-Saharan Africa,SSA,1999,2.15,0.563753223,0.252435447,0.145007144,0.400790567,3.181351955,0.598807471,18.42445021,actual,653883261,368628796
Sub-Saharan Africa,SSA,2000,2.15,0.55977605,0.251229166,0.144981959,0.400572669,3.154582264,0.595206877,18.48879292,actual,671212486,375728674
Sub-Saharan Africa,SSA,2001,2.15,0.550155765,0.244419486,0.140222913,0.388490596,3.167694944,0.588053324,18.13395657,actual,689161982,379146437
Sub-Saharan Africa,SSA,2002,2.15,0.543664684,0.23686026,0.133863587,0.37294528,3.214864161,0.580763048,17.63865693,actual,707693440,384747930
Sub-Saharan Africa,SSA,2003,2.15,0.532101571,0.227407815,0.126892777,0.355344274,3.244737052,0.571893556,17.12815889,actual,726785433,386723670
Sub-Saharan Africa,SSA,2004,2.15,0.50417151,0.211508358,0.117231632,0.32941553,3.401728248,0.554962569,16.37745131,actual,746546802,376387628
Sub-Saharan Africa,SSA,2005,2.15,0.487022169,0.201293314,0.110790285,0.312071163,3.536430837,0.544751806,15.8440225,actual,766978666,373535614
Sub-Saharan Africa,SSA,2006,2.15,0.471598778,0.190888675,0.10342108,0.292677234,3.70081908,0.534964705,15.16397965,actual,788110000,371671713
Sub-Saharan Africa,SSA,2007,2.15,0.46022544,0.182268156,0.096928159,0.275818305,3.750597353,0.526911081,14.5908981,actual,810019264,372791472
Sub-Saharan Africa,SSA,2008,2.15,0.444791023,0.171581814,0.089411386,0.256425023,3.838551556,0.516698025,13.98105313,actual,832642735,370352014
Sub-Saharan Africa,SSA,2009,2.15,0.439103723,0.169257878,0.088282019,0.253317573,3.853326432,0.514674315,13.90354607,actual,855885698,375822596
Sub-Saharan Africa,SSA,2010,2.15,0.421203093,0.158121838,0.080902033,0.234021097,3.973544909,0.503741258,13.32068154,actual,879797419,370573394
Sub-Saharan Africa,SSA,2011,2.15,0.40977716,0.151300172,0.076551272,0.222641586,4.020942127,0.495776548,12.99170521,actual,904282154,370554173
Sub-Saharan Africa,SSA,2012,2.15,0.397654382,0.144890245,0.072640592,0.21228968,4.077449098,0.487988511,12.69180756,actual,929328653,369551611
Sub-Saharan Africa,SSA,2013,2.15,0.388665499,0.14079912,0.070435151,0.206211334,4.121003929,0.482230206,12.51269242,actual,955096702,371213136
Sub-Saharan Africa,SSA,2014,2.15,0.380999339,0.137793258,0.068986394,0.202005178,4.163963939,0.47770651,12.38145173,actual,981506608,373953369
Sub-Saharan Africa,SSA,2015,2.15,0.381988789,0.138522355,0.06950646,0.203361293,4.166684335,0.47837483,12.4166317,actual,1008698799,385311633
Sub-Saharan Africa,SSA,2016,2.15,0.379818994,0.138586237,0.069806336,0.203810925,4.168405743,0.479729818,12.41370334,actual,1036155989,393551725
Sub-Saharan Africa,SSA,2017,2.15,0.374534638,0.137691955,0.069673977,0.202959525,4.191539688,0.477700648,12.37060506,actual,1063885274,398461886
Sub-Saharan Africa,SSA,2018,2.15,0.368745663,0.136001497,0.068990274,0.200735075,4.226816947,0.475521822,12.29238263,actual,1092403973,402819227
Sub-Saharan Africa,SSA,2019,2.15,0.366593635,0.135846947,0.069233912,0.201062406,4.232247264,0.475389526,12.29890244,actual,1121549049,411152743
Sub-Saharan Africa,SSA,2020,2.15,0.379344516,0.142791032,0.073624939,0.212815317,4.091491092,0.483736114,12.69210831,projection,1151302081,436740130
Sub-Saharan Africa,SSA,2021,2.15,0.376136637,0.14046071,0.072100593,0.208839034,4.127633182,0.48153062,12.56874753,projection,1181163013,444278683
Sub-Saharan Africa,SSA,2022,2.15,0.369883263,0.137186894,0.070067319,0.203375993,4.164527773,0.477136025,12.39065294,projection,1211190002,447998910
Sub-Saharan Africa,SSA,2023,2.15,0.369173919,0.136343431,0.069309034,0.201557067,4.173943081,0.475942114,12.32061664,nowcast,1241901564,458477667
Sub-Saharan Africa,SSA,2024,2.15,0.364526973,0.134128647,0.068010681,0.197999022,4.213359085,0.472820248,12.19495571,nowcast,1273375545,464179733
World,WLD,1981,2.15,0.439735906,0.191280727,0.10456329,0.29001203,10.46562813,0.521208709,13.30891614,actual,4522380426,1988653053
World,WLD,1982,2.15,0.43395554,0.182774595,0.097520431,0.273280423,10.53022592,0.515179397,12.84407049,actual,4604208435,1998021758
World,WLD,1983,2.15,0.425257151,0.172167864,0.089293197,0.253613266,10.57785962,0.50540833,12.34786725,actual,4686429768,1992937770
World,WLD,1984,2.15,0.41113854,0.156959965,0.078070388,0.226497093,10.76324299,0.491123201,11.66078885,actual,4768244803,1960409207
World,WLD,1985,2.15,0.396964611,0.147464553,0.072210473,0.211474379,10.87739222,0.478385155,11.29344235,actual,4851733304,1925966423
World,WLD,1986,2.15,0.383342265,0.140243721,0.068201576,0.200742469,11.21946988,0.467745527,11.00901786,actual,4937717904,1892835967
World,WLD,1987,2.15,0.374653216,0.13492189,0.065140237,0.192744243,11.36795692,0.457901556,10.84645824,actual,5026058896,1883029132
World,WLD,1988,2.15,0.357159857,0.124857555,0.059296035,0.177265196,11.55184101,0.441227573,10.44912689,actual,5115220148,1826951295
World,WLD,1989,2.15,0.382106277,0.140021492,0.067848824,0.199946442,11.65879146,0.46651074,10.95906894,actual,5204483947,1988665986
World,WLD,1990,2.15,0.378702304,0.137520886,0.066379419,0.196149293,11.55120164,0.46328151,10.90609068,actual,5293395467,2004621060
World,WLD,1991,2.15,0.373652305,0.134613106,0.064810007,0.192073232,11.46997033,0.45915397,10.8233016,actual,5382536929,2011197329
World,WLD,1992,2.15,0.366239799,0.130535851,0.062659357,0.186361128,11.4065822,0.453836268,10.73161161,actual,5470164577,2003391974
World,WLD,1993,2.15,0.361426287,0.127542311,0.060962194,0.181905775,11.38108256,0.45086472,10.65603043,actual,5556623321,2008309737
World,WLD,1994,2.15,0.341824199,0.117010907,0.055281577,0.166457897,11.53895363,0.434287088,10.28367925,actual,5642046034,1928587868
World,WLD,1995,2.15,0.325083036,0.109414242,0.051285279,0.155231844,11.76796373,0.420707496,9.961329768,actual,5726736488,1861664886
World,WLD,1996,2.15,0.31011244,0.103144288,0.04812633,0.146268747,11.8970808,0.413086158,9.727917914,actual,5811580202,1802243316
World,WLD,1997,2.15,0.307846071,0.103006521,0.048217774,0.146246533,12.05446604,0.410491061,9.683137689,actual,5896055962,1815077661
World,WLD,1998,2.15,0.311319279,0.105362916,0.049526628,0.149709098,12.21546877,0.413763144,9.746599895,actual,5979726559,1861604162
World,WLD,1999,2.15,0.302178797,0.100457568,0.04699399,0.142656959,12.28749329,0.407265088,9.606834935,actual,6062288850,1831895151
World,WLD,2000,2.15,0.292881404,0.096966398,0.045388807,0.137909979,12.59373549,0.401889921,9.425549246,actual,6144321462,1799557496
World,WLD,2001,2.15,0.283459458,0.092789581,0.043115756,0.131480415,12.71946542,0.396607593,9.199179809,actual,6226348086,1764917252
World,WLD,2002,2.15,0.268345572,0.08648865,0.039731137,0.121836226,12.89027311,0.388952019,8.87087511,actual,6308140970,1692761700
World,WLD,2003,2.15,0.252571792,0.07955535,0.0360957,0.111681744,13.11019322,0.380699736,8.560793255,actual,6389462496,1613797994
World,WLD,2004,2.15,0.233450614,0.071347541,0.031788764,0.099574662,13.42319579,0.370233566,8.156451958,actual,6470924346,1510641264
World,WLD,2005,2.15,0.214995787,0.064254763,0.028425426,0.089606821,13.77459794,0.360890338,7.812994089,actual,6552700448,1408802987
World,WLD,2006,2.15,0.20507329,0.060520198,0.026506058,0.083894642,14.15650714,0.355219463,7.553418229,actual,6635110367,1360683913
World,WLD,2007,2.15,0.191949471,0.055954813,0.024237995,0.077088248,14.62530605,0.348269773,7.256213056,actual,6717567584,1289433543
World,WLD,2008,2.15,0.183019996,0.052971761,0.022712473,0.072562131,14.77429177,0.343264477,7.051295235,actual,6801440971,1244799700
World,WLD,2009,2.15,0.174168204,0.050193528,0.021509609,0.065040452,14.91135461,0.337313251,6.880140235,actual,6885663352,1199263622
World,WLD,2010,2.15,0.15677831,0.044268969,0.018786924,0.057693276,15.14506134,0.326951783,6.548687914,actual,6969985525,1092742553
World,WLD,2011,2.15,0.138979816,0.03882237,0.016528566,0.052666575,15.36466975,0.316054059,6.237862613,actual,7054044372,980369786
World,WLD,2012,2.15,0.129269704,0.035755071,0.015208228,0.048814226,15.56552417,0.310631616,6.033717696,actual,7141386257,923164886
World,WLD,2013,2.15,0.115221807,0.031759941,0.013814607,0.047258175,15.8254953,0.299911727,5.777686548,actual,7229303088,832973368
World,WLD,2014,2.15,0.110013932,0.030762011,0.013581253,0.046050305,16.02881345,0.295444584,5.68186326,actual,7317040295,804976370
World,WLD,2015,2.15,0.105139225,0.030143028,0.013519886,0.045316038,16.37008396,0.29066734,5.58067095,actual,7403850164,778435065
World,WLD,2016,2.15,0.102098869,0.030038281,0.013673025,0.044899168,16.76220982,0.288718096,5.515771137,actual,7490415449,764762944
World,WLD,2017,2.15,0.093510739,0.02830622,0.013198456,0.042290205,17.10407347,0.283034012,5.36015051,actual,7576441961,708478689
World,WLD,2018,2.15,0.087085716,0.027078505,0.012811069,0.040680587,17.58656232,0.27570392,5.19088518,actual,7660371127,667108903
World,WLD,2019,2.15,0.088304506,0.027838641,0.013163855,0.04147568,18.05260602,0.274767303,5.120909771,actual,7741774583,683633578
World,WLD,2020,2.15,0.096813957,0.030622116,0.014447659,0.045513176,17.88595986,0.275462628,5.284758591,actual,7820205606,757105052
World,WLD,2021,2.15,0.094528078,0.029923365,0.014120654,0.044570666,18.5102054,0.270074349,5.161252534,actual,7888305693,745666375
World,WLD,2022,2.15,0.08964803,0.028681217,0.013713757,0.042980817,18.65622109,0.266946004,5.069127678,actual,7950946801,712786719
World,WLD,2023,2.15,0.087910513,0.028270037,0.013558957,0.042332354,18.89859636,0.265100977,4.999970776,nowcast,8021376611,705163331
World,WLD,2024,2.15,0.085450116,0.027673423,0.013339208,0.041428138,19.18457039,0.262659695,4.929611374,nowcast,8095454412,691757521
